Playlist Name,Playlist Link,Genre
Spotify Now! Pop Hip Hop Indie,https://open.spotify.com/playlist/7isrKiMXEiNUgzaEurUHAo?si=ayq5PtyJRzCgjxy4y9rfkA&fbclid=IwAR2FLsygQ3CsU2_TbEVTerNXribAMUfid4lRt0kQ3j_PudBDBe6wUfVxhUg,Hip Hop/Indie/Rock/Pop
Undiscovered Indie Rock,https://open.spotify.com/user/31bh7nuv662p5h5qdvl5hv2o2ldy/playlist/3Ty3C9qja6VJosTWfHxcGg?si=WrJZeEOESpWP_MX2CHR71A,Indie/Rock
Indie Dive Bar,https://open.spotify.com/user/12129798913/playlist/2jBeVWoJxNvre51lfnAyTS?si=Eo3s6M9dRyCCm2-0Inuc4w,Indie/All Genres
The Trip,https://open.spotify.com/user/jaylaxman/playlist/2wuYH6JD0KvMg5K7XCwdaG?si=c7PuzwUTQlKUhpjqpg06Sg,All Genres
Summer Hits 2018,https://open.spotify.com/user/rokp3zbnwhp8cygzj46fypfoc/playlist/402YrrRIiw4qZeHjbZDP3a?si=mwFnnuw5R5uc_-k__v0Czg,All Genres
EDM New Tracks 2018,https://open.spotify.com/user/rokp3zbnwhp8cygzj46fypfoc/playlist/2iGWB9u84UsHXkDL9SpHhu?si=yy7eAyTuTMGkSZ5KfsrAoQ,EDM/Electronic
The Indie Discovery List,https://open.spotify.com/user/dannedelko/playlist/1dPdjVnJLvliDa4wCayUgt?si=foDdlLFiQN60vOYDNizocg,Indie/All Genres
Let's Make A Party,https://open.spotify.com/user/djck/playlist/78fbQjvW8jSYyfZHduVfl2?si=ILFe5fqdQ-iKJXjKz86YIQ,All Genres
03AAO-Add Your Song!,https://open.spotify.com/playlist/5L3uTIyziTIYMoBtkIwbdJ?si=4H4tqRbcS7edWdiW-YrJgw,All Genres
Hip Hop Is Here To Stay,https://open.spotify.com/user/11126432275/playlist/7piJx1PAXDr38R2wEY7YZs?si=1O1uH6lGRMCRklDfAPzvEg,Hip Hop
Fresh Pop 2018,https://open.spotify.com/user/rokp3zbnwhp8cygzj46fypfoc/playlist/3TxMFMlQcLzkcUY8Xrifpx?si=RfjCAfXmTHef8nTeLxA2Ww,Pop
Collaborative Playlist,https://open.spotify.com/user/romaswe/playlist/6yJKKNstLipcWaORsyf6od?si=MxqD8sRcRDO5oo747MbZIQ,All Genres
Great Big Public Playlist,https://open.spotify.com/playlist/4ebPXpJtvWrq2KI2r0IfPV?si=rKfJo6OGTJaMAd_6zL-lTQ,All Genres
"Stop, Collaborate & Listen",https://open.spotify.com/playlist/0EAu02BpxBGDiFZqoZaDT8?si=yHzlqsnxS4-sZdBxPRzjYA,All Genres
Marduk 191 Collaborative Free For All,https://open.spotify.com/playlist/2OcrKWpAz8R40Lh4P0ze1l?si=J7BZTpM1Qi6wqlWIXQuGCw,All Genres
Defend Pop Punk,https://open.spotify.com/user/kepp13/playlist/54S2CR2afEv8qSTIntDvI4?si=NDd6Z1AcQXKPoBhUwdXKCw,Pop Punk
Coachella 2011 Collaborative Playlist,https://open.spotify.com/playlist/70SJrq7FDe9Pt9qkE37y42?si=udUbpGKeRBu-VSagxydUIQ,All Genres
Inspirational Songs,https://open.spotify.com/playlist/0D9uLsfDcNMvCnBoJmdwnO?si=bWDSoNmLRDOCBy6xqt9Oig,All Genres
Rockin' Playlist!,https://open.spotify.com/playlist/4QkwtygCNti1LacTecqmns?si=bV4sy126QsGwGYZDyqRw8w,All Genres
Fresh Rock Collab,https://open.spotify.com/playlist/35DFPNOhGpx9PfzXNedfB3?si=gXmtJfXcSaKH4Y6yMaY1eQ,Rock
A Collaboration Project,https://open.spotify.com/playlist/4A1GI7SzouLJJmDgX19sbd?si=1bvvytIOQDiiWn_4_PG-jw,All Genres
Collaborate 4 Change,https://open.spotify.com/playlist/15yPKKxpImOyVCBlKOkIft?si=eJLRvT-bR46rUnUnniDssg,All Genres
Collaborative by MegaMind Magazine,https://open.spotify.com/playlist/2attFf1Lb7VhedCBP13iYp?si=HGV2a7McQqmVer0E-O1goQ,All Genres
Party Playlist,https://open.spotify.com/playlist/7Dp0fzo194d43Acj7ah64J?si=N7WSx1xMT5ShF0O6hFYMvg,All Genres
Collaborative Playlist,https://open.spotify.com/playlist/2Xh49MbtaQvaT8u9LwcW5Z?si=6iJwtHeCQ3m3CiSwtMpONA,All Genres
Collaborative,https://open.spotify.com/playlist/20HFAga3oX7CtXD5agBmTv?si=lNTzu4PiSNW_NO3W2faN1A,All Genres
Collaborative Dance Playlist,https://open.spotify.com/playlist/6pLCRDPKsTcEQRlT4PEBdS?si=xTPSRZeoTT6LHqe-8cxqjg,All Genres
Acoustic Tracks Collab,https://open.spotify.com/playlist/7qxD7QAgioGv1B5jAkIOKZ?si=UkWCcvSsRnWcnVuLIxSRsw,Acoustic
Fred's The Teams Collaborative Playlist,https://open.spotify.com/playlist/6OvcgtXcN03w6aqZseyC0Z?si=hc_92aUcT6i93TReFbBO2w,All Genres
Chump ,https://open.spotify.com/playlist/0AdgsH0WhLBC6mR4D2c10T?si=GcJIzf3nSQSlGvHvuhCvrw,All Genres
Tunes :),https://open.spotify.com/playlist/0XFkwivii66PSdpDAbzeH0?si=KSiKwCflTjarh5PIDt84Ng,All Genres
Best Of Collaborative,https://open.spotify.com/playlist/4Wp1Wj9NiSw4KCHZlIQba7?si=SOU4haqORbCPj1sAG_OibQ,All Genres
Alternatively Collaborative,https://open.spotify.com/playlist/7u5Ja46n0TJvckh1WkV0OI?si=-sP3AEyvRJ2jHj-0NLWm4A,All Genres/Alternative
Party Collection,https://open.spotify.com/playlist/6xWViYgvaxcxT75bMh7kh5?si=1dVlYeXyRPypVmqPP23Rig,All Genres
"Best Trance, Dance & House",https://open.spotify.com/playlist/0pnHzr2GTXKL8DehVM7j7g?si=I6XGWqNISceLTCaRIIvxTQ,Dance/Trance/House
The Collaborative Vishmode,https://open.spotify.com/playlist/4rPN8RhIHacSuuvB2xjioH?si=PP7odQ0RS1iHiTGiAjEqLw,All Genres
The Spring 2013 Collaborative,https://open.spotify.com/playlist/6CrKnj14ulcxMsbSJNad5p?si=Qx2PAvsIRd67lAW_QtGMtA,All Genres
Happy Chappies,https://open.spotify.com/playlist/5lQwk0PsJkj6u6bZLmfUso?si=sor8JhpgTLi4J92zMAv1XA,All Genres
Music To Rise To,https://open.spotify.com/playlist/3t02t3li6ITlLylBrug4lO?si=Y-zPzkSiTruZfTlzZOOnvQ,All Genres
Posh Agency,https://open.spotify.com/playlist/0usw7jgcW4tLtyzdGUNzNL?si=a-M5D7QMSVKW-SmRiKghaA,All Genres
The Box,https://open.spotify.com/playlist/2EXmAS0H0Mu0GZYOhpYYwp?si=Rl4KG_0yTdyUJksammgSTg,All Genres
420 Playlist Collaborative,https://open.spotify.com/playlist/0HyUW66BpKvSaJ5P7RZAkT?si=S5XiGuVvTOS-ZXK9WH8CjQ,All Genres
ALT MIX,https://open.spotify.com/playlist/7ab59haq3N5jBA8c9bmv2Q?si=CN_KQJL6SaGPLFmN16_UuQ,Alternative
8 Days A Week,https://open.spotify.com/playlist/1anNS2jxOAPuAObDYPqQ5c?si=EUocpajLSH2VvooAD0YNlQ,All Genres
Add What The Hell You Want,https://open.spotify.com/playlist/4qjRPY9qdaW2tabu1vh47p?si=2QrScbMrT3GYsEOKFvrhCg,All Genres
Share Your Favorite Song,https://open.spotify.com/playlist/5CyuuRygwKgRlXdfwngIdS?si=XDLL1g4QTDm9Jkl6JpSmOA,All Genres
:),https://open.spotify.com/playlist/1BHyrMlQTq1K4nahkUEGbz?si=mRqzphw6TuCVEgd6VN5PUQ,All Genres
Collaborative Community,https://open.spotify.com/playlist/2bJ8cT3X00MEtrYRtXsqo9?si=AiaBJ0UwSK-SnpRePR3kzg,All Genres
It's Only F*cking May!,https://open.spotify.com/playlist/6xavKJBGLXh2epwGPqO77l?si=VpFvj4CjQZqp-E3nyUgnlw,All Genres
It's Only F*cking June!,https://open.spotify.com/playlist/6XpYCLXzatDisWrLgxo1xF?si=rDH-msR0QZmev2vMjlOWBA,All Genres
SGAHG,https://open.spotify.com/playlist/78vEXbWf2m2XrVE9cFqMtD?si=jvBsRIMhSfKKWbX0lGXmbg,All Genres
Summer,https://open.spotify.com/playlist/7uDbv93gHsZrGDtbJsSJ7r?si=MyvH5aoSQGy6fzikLbL27g,All Genres
Collaborative List for Dutch Melbourne,https://open.spotify.com/playlist/1C1qaz1OjCNhkFHnETDR1l?si=wqcXlDmHS8KATJAJxmyH6A,Techno/Dance
Give Me Anything-Add 1 Song!,https://open.spotify.com/playlist/2MGlcbL818pU4SsWcaTdGp?si=yuCQOLzrTH6vknJdyjJXRQ,All Genres
Party Collab,https://open.spotify.com/playlist/0OI4eeot47D18RkdVDCvUB?si=w7zJjy-gTcmygCtiReSJTg,All Genres/Party Music
Add Your Top 3 Songs,https://open.spotify.com/playlist/6uR6nJsrSEkcP03SHvhAYI?si=J0XDyRaHRYmgRp9TTRWIyg,All Genres
Homework Playlist,https://open.spotify.com/playlist/5fqhyAECBGyWiGmULVAvPZ?si=YLNBrpfyT4ODkMvPjpw9oA,All Genres
"Subscribe, Add, Share Music",https://open.spotify.com/playlist/3BhduETb6Zun0WhD3VQLHJ?si=i7QzKosNTR6yEu3-v4tVmg,All Genres
AO Playlist,https://open.spotify.com/playlist/2lcraAcmjLCnqsRXmGZTI6?si=GwfEzLufSBONy4kvvTHrUA,All Genres
Love Your Music,https://open.spotify.com/playlist/5PaL7x8ze8cs2j4JTnSxIs?si=gH8NhokdSRWdmzpv_RWk9Q,All Genres
The One Song You Must Hear,https://open.spotify.com/playlist/4Auh0Z7VRj80MRHTOj33WH?si=Zv3ZV8hoRqeVe8Y-PRLnmA,All Genres
Rock Werchter,https://open.spotify.com/playlist/5Fm12RnWnzT2lsTL2qQMb9?si=bayBQd2dQqm-xJAM0F0muQ,Rock
Simply Bonnaroo,https://open.spotify.com/playlist/1J6IKEtEZvpO8u6yp0gFvK?si=XBDtkuaRSReKDon_6BbuEw,All Genres
Party To The People,https://open.spotify.com/playlist/2ZdWpvAKVs1EQgWm8eGXb1?si=TY4OjfiHSYOvSQkUHCYiUA,All Genres
I am Who I am,https://open.spotify.com/playlist/08Y45KOJF3cOCirrtERsPO?si=-G04RrH9T5G1hNR5VcRhUg,All Genres
Jadda! What A Party!,https://open.spotify.com/playlist/5i8XelID7up68v2SR0cAvO?si=Rm8v-66UTp-HChKkV6rkug,All Genres
PreOccupy Wall Street,https://open.spotify.com/playlist/5AEVWdZs4KmMVAfLCD7dcg?si=BLh8YvYRQfujsTa_mjOxmw,All Genres
Twitter Hits,https://open.spotify.com/playlist/64ZoG1jsLrWmUGpXfXEHep?si=fOn47s8aTF6WwYysiyNkXw,All Genres
Hair Bear Bunch,https://open.spotify.com/playlist/3GWip4rcY5zGm7ZPsgHBut?si=cUtM5a4TQA6RtuzMMby5Lg,All Genres
Time Out-Australia Day,https://open.spotify.com/playlist/1zA0XAbnzlUBkjKqpaAdFX?si=URG1hxDES3yJcttAAf6YIA,All Genres
INQ MIX,https://open.spotify.com/playlist/7IMcFXcNtOeJtMQnbJB1w2?si=gA1Cg6NoSMa7Yk6Dmj7VAw,All Genres
Facebook Around The World,https://open.spotify.com/playlist/2rAWErBg7WqpU4yJVw97ZA?si=sA1M8_5ySZeDEHreMfyoIA,All Genres
Happy Tracks,https://open.spotify.com/playlist/3HYILDsnvqQDOBeQ0QV23S?si=Jdse6Ys5TFutssjVTbpAGQ,All Genres
Danny's Playlist,https://open.spotify.com/playlist/2n2a8nIvnSJbmSERKHjNvc?si=zJZJ6ZQPTDqUd1R9QwfhMA,All Genres
My Epic Electro Selection,https://open.spotify.com/playlist/2haE08uXZG7UDQWNQ9Wj0u?si=VFUubZHsTduNstig6GryrQ,Electronic/Electro
Tunes We're Diggin',https://open.spotify.com/playlist/5rOvkHHPGSNtYIudiF37gJ?si=w4E6M4_eSx2Y7EUpduANNA,All Genres
Best of Drumming,https://open.spotify.com/playlist/6glcjBdotqj2Frd6aKKkrp?si=5FTZ6eg4SwS7c3ojV3K8Gw,Drumming/Drum Based Music
Songs That Turn Rainy Days Sunny,https://open.spotify.com/playlist/4fnAr73mGICYB59ZmU1rNf?si=nbnmoXNKRu-2243VzV7kGw,All Genres
Essential Playlist,https://open.spotify.com/playlist/7qxgWOyG7gB7KoJiiBogJH?si=T6By4WpIRgOgYIt1mZNrOw,All Genres
Atom Collector Records,https://open.spotify.com/playlist/5XNMCutGIHyx9sHwNsfidP?si=PYuwJVvUSDiyurf9MeD4VQ,All Genres/Indie
Fast Five Feeder,https://open.spotify.com/playlist/1DezI3IMSaABbTT3piUmT7?si=JgUeu6BqSnioCB1y8xP6TQ,All Genres
Newly Minted Selections,https://open.spotify.com/playlist/1dhWv031TsU5E3sr1IRnkO?si=hV10ovxyRECydQwey1qsQA,All Genres
Freshly Picked Selections,https://open.spotify.com/playlist/3wlvv4gsTms4HOxftYXz3S?si=CPK7bYbQSzqFe35EcwmkTQ,All Genres
Atom Collector Records-The Big One-Submit Your Track,https://open.spotify.com/playlist/38OKcP3SRCloWtXR3J4ODJ?si=aK2OUQVSSAyCZ-6Vk3z2Jw,All Genres
The 100-Electronic,https://open.spotify.com/playlist/4R98DXtvrL02Arclv3Yb75?si=CDJfhckmSvmwAK3HhQM-Fw,Electronic/Electro
The 100-Rock,https://open.spotify.com/playlist/0oTf4eT87O3Vihy99jpPcU?si=RUQH9DvjT-OylJk-t_dWGQ,Rock
It's A New Playlist!,https://open.spotify.com/playlist/0ycrSRnEFZJvsYEX9MFlQO?si=AmsJf_AQRxiFTnyJyNGN7g,All Genres
Indie Holiday Songs for Sync,https://open.spotify.com/playlist/1HtVDkQJmgH9jCrNO2Wvj8?si=8_zB2WU6ST-IghA50VQiDg,All Genres/Indie
Electronic on Atom Collector Records,https://open.spotify.com/playlist/4VwftC8eB5efPxH6vV4zyO?si=DqzcehTMS3e6K1cXgtqhqw,Electronic/Electro
Indie on Atom Collector Records,https://open.spotify.com/playlist/1jhfWr2h6rp1NXvzzUqvGK?si=B4dlqMXRT4G21t7Vdo9T7Q,All Genres/Indie
Unsigned EDM,https://open.spotify.com/playlist/3UQ3hv2jt1IyVyPymQYQi7?si=Zn_SYaJUQ4ClXnYb7qxJBg,EDM/Electronic
Indie Artist Playlist,https://open.spotify.com/playlist/1BbCYJRpBWoBOiEsYaaI0r?si=_IV-x2zqRtG5xDLj5EzlVw,All Genres
Discovery Zone,https://open.spotify.com/playlist/1fLKXmpuOUvzq00ztxAYTN?si=tz0SJFkSSmuS53CySN3cQw,All Genres
Asgardia Indie Playlist,https://open.spotify.com/playlist/79xJJNyt4SoVDimyKlb8U0?si=rfFzr4hGSYCJvmXyJ2cq_A,All Genres
Spirit of John Peel Vol2,https://open.spotify.com/playlist/5DdFC5QF3UQfVvjb9tog4A?si=cwHkFZdpR5GW0SYw7-soaw,All Genres
Roots Track of The Week,https://open.spotify.com/playlist/7uC0yMbv7l8wc90VU4uS50?si=Tmkj_RrZS06JwPoRHiorjg,Roots/All Genres
Reddit Collaborated Playlist,https://open.spotify.com/playlist/4evXnNAJQUeR2fL7xRYY8e?si=v6TW8WG6TkycQ6veiFhVhg,All Genres
Unknown Artists Collaborative Playlist,https://open.spotify.com/playlist/67gKmpY8WRW61Y5Oh4edAN?si=NV2CL6XFSY6_PNVniL7_Cg,All Genres
Reddit ,https://open.spotify.com/playlist/0hAT4rQexIzvFlTRiSu7DI?si=xlA7VKjrQYSkDCuliqUQnw,All Genres
Reddit Tunes,https://open.spotify.com/playlist/32qDhQD7tGaR9c4h7blx7D?si=6BjVLze_SFey38JPQm9Zgw,All Genres
collab.,https://open.spotify.com/playlist/30g0evGBepQvI1ss7kSTRL?si=29m3Gq2IQuaVSvNy6HGXVw,All Genres
Collab,https://open.spotify.com/playlist/2pOh9yOTvPKuDFoOTm1c5p?si=mJ0yp0wyRXaBp8W2CWMRQw,All Genres
collab,https://open.spotify.com/playlist/4sNtViSyeFZxGIhh9ovaZr?si=Bus8AoipRFOTZ9NPfg6eOg,All Genres
The Trifecta Collab,https://open.spotify.com/playlist/1Fi2rL2kwfuubi7dkwb57U?si=sEAYehvLSe6sd1SU5Jyzmg,All Genres
Fruitcake Collab,https://open.spotify.com/playlist/4BX0Rk2IQSeG67crCzJE0c?si=bQZlRGmpSNidBa7B630yzw,All Genres
That Collab List,https://open.spotify.com/playlist/5l9BwZ0oe15cWjeRHF2PtL?si=X8WTAUEdQ5mAPMOitaBvzA,All Genres
Name This Collab,https://open.spotify.com/playlist/2chth1SoT9d73if3jUT6xl?si=7z9Yoj9rSOGyem_nTVwHsw,All Genres
collab playlist,https://open.spotify.com/playlist/60ils3tofaPJ711vOVdc1b?si=XBb0BVolQguIWld16WEySg,All Genres
Adventurer Collab,https://open.spotify.com/playlist/6xZvVZnuHlpgjBSffbpZPM?si=hDTaDCnVSOeBcraANJn9zg,All Genres
Collab List,https://open.spotify.com/playlist/3nqc9rnC3CxQPIdhRZhPJA?si=c3w2e4pITuK8ZC--otcizg,All Genres
collab playlist,https://open.spotify.com/playlist/1fX65pOEw0zqBcoCkwFRiV?si=-vHlj5rBQoGfR2r7WOAXbw,All Genres
Master Collab,https://open.spotify.com/playlist/3BrDM25XgTDRNeZhlKEiKs?si=uDctefLfQFKMc5Xc_4NdoQ,All Genres
Colin Collab,https://open.spotify.com/playlist/7vJ8StWrduaj8GdEjN6fmI?si=e2XERmm8QKS3fCNHllcaIg,All Genres
Collab Electronic,https://open.spotify.com/playlist/0pLPzSkQAwkOBBsaFwQ2L6?si=D5j6lD6JTHOEZ14G1XMNAA,Electronic/Electro
Viewer Collab,https://open.spotify.com/playlist/3zaAgw68pgaBoeueZdNujU?si=kiShABzRQbqV4XsCobFlLA,All Genres
Jonesy's Boys Radio,https://open.spotify.com/playlist/3ZRhbMNgLJ9uIegHkWv0YH?si=veT01a8wROmv7zxIYWGB0w,All Genres
State Assembly,https://open.spotify.com/playlist/6UFscZTLQXrYeazbIAUrx9?si=0ngk-roVRxm9rh80_9m-Kg,All Genres
Twitter Squad Collab,https://open.spotify.com/playlist/0maEO9glhGPGmY5RxBdBix?si=vACooFUsQCqizauzcnniCg,All Genres
Stay in my Corner Collab,https://open.spotify.com/playlist/5httc8WAogdvUfWDR0N9U2?si=ant1jh6dT2mvN6apTwFh5A,All Genres
collab (Michael & Emma's Edition),https://open.spotify.com/playlist/0T5otafOzW1IbzEGoAc5x9?si=BEXeJVyiQLepOO9SKegyiA,All Genres
2012 Tracks Collab,https://open.spotify.com/playlist/7iedjVRcqMQl9PDP3qgiwv?si=KIHRgdcaTgWwKYOmMm5OMQ,All Genres
Dumb Collab Playlist,https://open.spotify.com/playlist/6mTfdWjIBqGEVbQ77fcvL2?si=ucydtiyZRMW5B-UwZ2cRug,All Genres
collab aquariano,https://open.spotify.com/playlist/42l6hsFmb3FE5hIDxV9rS0?si=o8PBFiTlQQKYQQ_R1FoZRw,All Genres
Dan n Moll's Collab,https://open.spotify.com/playlist/387YPAvCnniVvGvs950wNV?si=r-BlR-YyTLSgYmLRtOZ3KA,All Genres
"Post Up, Then Get Wasted Collab",https://open.spotify.com/playlist/4PHUIQol7BZC00vm53Nbmw?si=46U-ivL9SrOek5uxiKM0jQ,All Genres
Collaboration,https://open.spotify.com/playlist/0CiGY105p6v28pC5vrZFwE?si=SwqfsLdQTpS2qgRkTZPK8A,All Genres
collaboration,https://open.spotify.com/playlist/1J2Om6wSNLydq4mBolEqRl?si=VSMmmVimRT6KWianxaRfVg,All Genres
Collaborative,https://open.spotify.com/playlist/0HInqDy1Jy1gU6sISi7Bxa?si=RiQmbCBwQLGqBFgnWU_NQw,All Genres
collaborative,https://open.spotify.com/playlist/75gXQ5vAnfH8ZBl8x9mVVs?si=KetBSHsQR_mAo3BDrV618w,All Genres
Collaborative,https://open.spotify.com/playlist/2PIuQmJ5fUk6K2ExBHVLN2?si=q9fIQSoXRfWk6NTusAOJ4g,All Genres
Collaborators,https://open.spotify.com/playlist/7sputNAlnT1jh0lHLyl60w?si=riPqEVGPSGebm3tqZSVu8w,All Genres
Collaborate,https://open.spotify.com/playlist/176XhMhwHRjRfkS5LQHMnT?si=7SVNj_kuQJaILkLCu-McJg,All Genres
Collaborative Rock,https://open.spotify.com/playlist/3covvy69wSir7WTfOi13j7?si=P2RG7Pg6ReWT16gQVkHNeQ,All Genres
The Collaborative Playlist,https://open.spotify.com/playlist/3GIIERl0gIUUY70rM29c1p?si=Wkf9iK-zSOCSpfoBJzHI3w,All Genres
Dub Party Collaboration,https://open.spotify.com/playlist/2w50Z3I4DrEDRuCKjcp3FS?si=MMJNC5voQeSj3jFh7dvR0g,Dub/Electronic
Collaborative BullShit,https://open.spotify.com/playlist/15y5RipAuyzhkgk8mPiMd8?si=IXb7FT0hTx2hRGHxBZHViw,All Genres
The Ultimate Collaboration,https://open.spotify.com/playlist/0an8DtHjWtwDGqXHN4GlmX?si=XYEizGU5QwCFnYChyfW7UA,All Genres
Summer Collaborative,https://open.spotify.com/playlist/6YuaDVJJwv4JBPP6iS700F?si=_ymCQFgeRH2v5mz2B7TznA,All Genres
Collaborative Playlist,https://open.spotify.com/playlist/28bVNGVJzdVDqpK5Q04l5T?si=P_KJ-YlzQWiiSAwuWMuRcQ,All Genres
Youth Link Collaborative,https://open.spotify.com/playlist/1gji2BTAtehO6YHP8UDL85?si=LoE-VWE7QgKGq0Y1IEhKeg,All Genres
BBQ Collaborative,https://open.spotify.com/playlist/4paGYa9Ir8IVRiTS8LqgGY?si=uPps7wk5Rsys96Es57rvWQ,All Genres
CyberFrog Collaborative,https://open.spotify.com/playlist/4JLH5LSQXUFm915HUrXmct?si=KdyEQTFMSIOGoqkuy5Omwg,All Genres
Will's Playlist,https://open.spotify.com/playlist/7tnq44gQNNR4yZsr0jP3B7?si=g-cPZ2DkRu2bvZKSUxk18w,All Genres
Music To Test HiFi With,https://open.spotify.com/playlist/3aOQU9IYYlnFcSu3NALuvX?si=u2npQP-hQk-ez4PAOcSZ6A,All Genres
Evolver FM Blackout,https://open.spotify.com/playlist/4JBqCgCn1jSeKchejdQqpc?si=GIPx64qBTgC8btiC5vmh8g,All Genres
Cape Race Collaborative,https://open.spotify.com/playlist/0gEMFQX30W5LgXcGox6pYf?si=KebCT5QrQdCK2OoMih2cMw,All Genres
Google+ SummerTunes Collaborative 2013,https://open.spotify.com/playlist/7ETMi61aSUvQapVGYTB8Ko?si=0WZAdSotTEWEWYguxwl2bA,All Genres
Worth Replaying,https://open.spotify.com/playlist/6GgOX3vQjLtUDLy1cBfTH5?si=gjQzwwl7Sv6lxOsdaixVwg,All Genres
Orion's Collaborative SpotiMix,https://open.spotify.com/playlist/6GDywb1x6ACdDJdCnBSRtZ?si=qF1MhgUlSmy1A9WLn0ynWQ,All Genres
Reddit Collaborative Playlist #1,https://open.spotify.com/playlist/5iV3zEy1ZgO1c3NuyPYGF5?si=UqxUoTAIQ9qZjg8IfjrMhQ,All Genres
Collaborative Playlist,https://open.spotify.com/playlist/3GeNhYUAkuJQdL35EZnqA6?si=rXzEcWJPQ0ywDOwjGt0X7g,All Genres
YLHelp Club Collaborative List,https://open.spotify.com/playlist/5JEgZMsqKanWHDkLaMgnRD?si=kEtFicyiS6yrP5v9Mm8pIg,All Genres
AngusPrune's Collaborative Work Playlist,https://open.spotify.com/playlist/6ssNOHU7agvUr0hgLVr4p8?si=jb8NZeMNQwyuMgeZeq07Nw,All Genres
Party Playlist,https://open.spotify.com/playlist/0mbo0P4tpj0aSjNGu40onc?si=EqBqzX6zREq2Eyu135ZPGw,All Genres
No Man's Sky Collaborative Playlist,https://open.spotify.com/playlist/4kFX5Jt7R1sXVTFHgDTcim?si=1jVhRIIRRrWm88_6b_hU1Q,All Genres
Collaborative Social Media Playlist,https://open.spotify.com/playlist/7fRnwhDDcK41QKvH3J3IJV?si=f-17_pxWTDy7uvvC-ZG0vg,All Genres
The Big Winter Collaborative Playlist,https://open.spotify.com/playlist/18nCYmVvJURTRrBXSoi8yF?si=VwMTPJchQQqdBHjxLOgxcA,All Genres
EDM Collaborative Playlist-Add Your Favorite Songs!,https://open.spotify.com/playlist/5C7P3rijDFgoWdRif7Y0hm?si=z7-_vD-8RKS_3ju9noj60g,EDM/Electronic
New World Music Collaborative Playlist,https://open.spotify.com/playlist/2pomF1gtWWmaNfqweF2xjE?si=CDol1FfCQFqkqin4P0b2bQ,All Genres
HYF 2016 Collaborative,https://open.spotify.com/playlist/77sqi0l9Y6biDFAm2LaDxl?si=bFWwAKZ-SziOQIqEsSqJow,All Genres
Twitter Collaborative Playlist!,https://open.spotify.com/playlist/0t7pNPcWTRemGiIH4wpNg1?si=aJGYWa5LTEmc2f3jiALLbQ,All Genres
Our Collaborative Playlist,https://open.spotify.com/playlist/7G0wYyhPCujUGbXsXWWB0N?si=SZiemZWgSNu6e7UX_38-xw,All Genres
Road-Trip Collaboration,https://open.spotify.com/playlist/6MoN3sbAOzEly9kOHhKwiU?si=G9QQ-wXzTuqN2YSu9NqcOg,All Genres
Radio KLF Collaborative Tribute,https://open.spotify.com/playlist/42bxv6UMJBHJOCenBs9l1L?si=bsgD3tKwS7ScIJ1_8mIIdg,All Genres
Collaborative Playlist,https://open.spotify.com/playlist/4JOkYlgy9p3cd4V9xpIMj1?si=_eukNcS4Q2CJk85_h8-1Kw,All Genres
Uzbazur's Collaborative Playlist,https://open.spotify.com/playlist/6DkgsQBf0boJTErt8qL8MP?si=BJst6nD8TxOORM3d3YSpyQ,All Genres
DJ FM Collaborate,https://open.spotify.com/playlist/1A8fmgQBJHv6ApjYcXOeLB?si=gPt7GqabRoyE76VnwFqaEA,All Genres
Indie Hipster Collaborative,https://open.spotify.com/playlist/0jaRQVfpdoQ2cvSkXCyPJ5?si=fFbo8Fa5Ssaa_4QWFoilHA,Indie
Now That's What I Call A Collaboration,https://open.spotify.com/playlist/5IwOLpyLMcpjzPPQXwN8OW?si=eNk53dS7Qce7y_dBl9_eQg,All Genres
SoCal Local Collaborative Playlist,https://open.spotify.com/playlist/03sDVb8BvRXzluVwWqnvA5?si=TS8qjgGMRL6r_ry4QDsqJw,All Genres
Yet Another Collaborative Playlist,https://open.spotify.com/playlist/718r2e9DxxdNFlQ65pUpB0?si=Ipdnse9-TN6uuozzM6nSmA,All Genres
Women Only Week Collaborative Playlist,https://open.spotify.com/playlist/5qqC9itDXKJ7MZme6WTDyY?si=Q4hl8KhGRqmTFfRfJl-IGQ,Women In Music
Miles High Sessions: Collaborative Playlist,https://open.spotify.com/playlist/0EyWiv0IySxjANQ2F4URmP?si=eUYv7p2lSreZC0cAM20aaQ,All Genres
Collaborative Feel Good Playlist ,https://open.spotify.com/playlist/4X8XHE2g0BF5DAWTxqFGln?si=sjUEntdZSO-jqxquozLmNw,All Genres
Walgreens Ultimate Workout Playlist,https://open.spotify.com/playlist/3NCh4hu1B6HmJDjuF6ZmnS?si=8ql3VKrFSlamAqRgaQKjZw,All Genres
Instant Gratification's Collaborative Summer Playlist,https://open.spotify.com/playlist/14RQEJeh0CCx41MvZq4H43?si=7pZJHHI3T667TPY6s9KcWA,All Genres
Radio 1 Weekly Playlist Collaborative,https://open.spotify.com/playlist/4VifEDwtezAIIni4hFSgCR?si=6mrsmoneQn6hAiiZs83x2A,All Genres
Playlist of Anglo & Aussie Collaborations,https://open.spotify.com/playlist/10gZJpTkvZ4vDllZNXb5PE?si=2gqukCxDRBO8qYOrPQAeFQ,All Genres/International Music
The Gift of Song,https://open.spotify.com/playlist/00rthzotbJ8qajUL8P6Fb7?si=VrdOwdhpRLC8T9ANaeaDqg,All Genres
GCD Studio Shuffle,https://open.spotify.com/playlist/5LRZUhvsUuvzHHYCiGoiE2?si=dDCHv4vBTD-NN50vzTQTpw,All Genres
Can You Add A Song To This Collaborative Playlist,https://open.spotify.com/playlist/5vKAnxqFbRFZGpagidj9aV?si=2Is9Vj0jRXqjslO8J-ocwA,All Genres
Great Collaborative Playlist,https://open.spotify.com/playlist/7iSQSW1oVgx6krb16VwWS7?si=qvmvJSivR7-cS8dXt8yr7Q,Electronic/Electro
Communicating Vessels Collaborative V-Day Playlist,https://open.spotify.com/playlist/4esTFZhJTKC4qJe8HFTQ0i?si=BaQ-7-8uSKGBgY3DK_KE4w,All Genres
Songs To Sing In The Shower,https://open.spotify.com/playlist/2Lm8W63jY9j096CuCWXWEI?si=jLg5hlvpT_mrz0baUY5aDw,All Genres
Collaborative RedSofa Lab-All Genres Welcome!,https://open.spotify.com/playlist/7tfzpORIDZa1MhKjJwQmfu?si=Rr6FsGN7Sweb3hoB8-nRMw,All Genres
Collaborative Hunks,https://open.spotify.com/user/cpauly17/playlist/1yzlw2DTfVj837muLKozpu?si=huB0lKPUTPOBeE-kLA4hYA,All Genres
Collaborative Folk Music Playlist,https://open.spotify.com/user/wouterkuyper/playlist/5zF5DjSDMhjbI0iujzLfor?si=r96dwSh6RXGbcAqQQHye_w,Folk
Vietnam Era Classic Rock ,https://open.spotify.com/user/11173227816/playlist/4goWTQ3ZA2cBVdoVOkYZDF?si=Ij-Htf0uSaKETTPwgTIsEw,Classic Rock
Pop/All Genres Collaborative Playlist,https://open.spotify.com/user/melissanavas13/playlist/5RPqjOEHK6sfLIxPNw7xHb?si=mWNjzgNnQg-4CQJ1Z7ZR-Q,All Genres
Collaborative Playlist by DJ Mensa,https://open.spotify.com/user/djmestaitaly/playlist/2HccxFs2drIAsBZ5xCCD4u?si=PqqxNUoRQSiKHyIB9WkOcA,All Genres
Fifa World Cup Songs-All Genres,https://open.spotify.com/user/djmestaitaly/playlist/3kJCBeqcZjaAEVljbNfDCs?si=xwcAntv-TgCKBKkNlpCnuQ,All Genres
Savage (HIP HOP/URBAN ONLY),https://open.spotify.com/user/djmestaitaly/playlist/1AkLKtKKiozTlZRN1yeFNP?si=_kvfd_nkTZWSD6MhYby32Q,All Genres
"Selfie (Urban, Dance Pop)",https://open.spotify.com/user/djmestaitaly/playlist/1jj1flLg0BrrCyl8dEpU6d?si=KXBlAZBvS8qAxIzQdK_HCA,Urban/DJ
Reggaton 2018,https://open.spotify.com/user/djmestaitaly/playlist/5jU6JEo8OK1bfN0Zf64hUX?si=IlYGYjDXRwCzTwdhYmOR-w,Reggae/Reggaeton
Trap & Reggaton,https://open.spotify.com/user/djmestaitaly/playlist/6h9bsx7l9Y8opOj3CUczAx?si=3Pqg3FllStq_i5SXs1jLXg,Italian Reggaeton
CJ's Collaborative Playlist,https://open.spotify.com/user/chrijdal/playlist/4hbowhXTevugMV8BRbfu2W?si=N16SfPZtQOOGnoDOreWE2A,All Genres
Collaborative Playlist,https://open.spotify.com/user/romaswe/playlist/6yJKKNstLipcWaORsyf6od?si=2QiRjxKlTw2qPtERH_k5zg,All Genres
New Artist Collaborative Playlist,https://open.spotify.com/user/jayelbfo/playlist/3Tf7ZXxVdLth4EWziDioc3?si=pNdDpyRgQTGamgtXU1H6Dw,All Genres
The OffSpring's Collaborative Playlist,https://open.spotify.com/user/offspring.com/playlist/2598tUQlPDlyP3Se2i7DM0?si=hbBCr3uVRcSnPKc-NqkTIA,All Genres
Euro Soul of the 60's,https://open.spotify.com/user/ostogurkmacka/playlist/2YS8TEQoKTVTZiI7oJXfmz?si=ybTxFKDnShiAV5htNg3oxA,Blue-Eyed Soul
Collaborative Playlist,https://open.spotify.com/user/androom/playlist/20HFAga3oX7CtXD5agBmTv?si=2JAEQOvVS1eryhuhuVkK6w,All Genres
The Apocalist ,https://open.spotify.com/user/bravehrt/playlist/73tdwE8mEtSoFxJixIdKWg?si=v_VBqKcfRgmHBZg9FBScRA,All Genres
Your Chillist,https://open.spotify.com/playlist/7aiP5zR6hsS76PBDFLpmqE,All Genres/Chill
The Following,https://open.spotify.com/playlist/4r54bsWYeoWVCtNOYuXxeT,All Genres
Time Out Friday Fun-80's Rewind,https://open.spotify.com/user/timeoutlondon/playlist/6Xf2wvOry4PI0xoELwGRiK?si=88L5-i-RQAy6ogxuuLXNEw,80'sRock/Classic Rock
#MotorBike Playlist,https://open.spotify.com/playlist/1ExNl5Ko8PgP0c71dbfVX0,All Genres
Waiting The Playlist,https://open.spotify.com/playlist/3y68fVLIjlNjKyLKIFur36,All Genres
Let's Make A Playlist: Let's Party Vol.1,https://open.spotify.com/playlist/2BYGzKXfZBMdH9lGdyxEJB,All Genres
Ultimate Friday Playlist,https://open.spotify.com/playlist/7bUbM1eSjXF4ANGzMjOnpm,All Genres
The Ultimate 24/7 Keele University Library Playlist,https://open.spotify.com/playlist/2Z7fJzdck1aJWzHsKqmsnM,All Genres
NMM Office Playlist,https://open.spotify.com/playlist/6Nh0DjeqWl3OLj6PfMy9Iz,All Genres
The NA/LA List,https://open.spotify.com/playlist/5V17ffaENz9S6EsaKBHja4,All Genres
The Infinite Playlist Project,https://open.spotify.com/playlist/40tVm66aLClP5QynT4bGdv,All Genres
Warner Brothers Records Collaborative Summer Playlist,https://open.spotify.com/playlist/6sRJQ5u5mnRoKDvLlFotBG,All Genres
Got Briefs Ultimate Creative Playlist,https://open.spotify.com/playlist/30oekm13z1IECd4MHaVrNg,All Genres
Luxuria Music Collective Playlist,https://open.spotify.com/playlist/1XZVGh4yeHLBlyNfeTN69S,All Genres
The Ultimate Twitter Global Playlist,https://open.spotify.com/playlist/4VQj6yxRvZH94lK5LhmZvy,All Genres
PukkelPop,https://open.spotify.com/playlist/5GBOnFIjSPzT339z378beb,Pop/All Genres
Love,https://open.spotify.com/playlist/4Svhi5UJLJ4E10TUZdx6zL,All Genres
Circle Into Square,https://open.spotify.com/playlist/7y6S8UbhEgCV5HSap66vtt,All Genres
New Years Eve 2010,https://open.spotify.com/playlist/3Xla4y4tHHvly5ZZ7OXV2L,All Genres
Christmas,https://open.spotify.com/playlist/13DubRMHQL7QO2vwMb6Dx2,Christmas Music/All Genres
WHTG FM 106.3,https://open.spotify.com/playlist/7pRo4TVNPZp8yUw9sxVDTb,All Genres
Fake Four,https://open.spotify.com/playlist/317UDYFqLhtT3YdP3C3Yn2,All Genres
BitterSweet,https://open.spotify.com/playlist/0icSIA7HGCXR56fTphUfme,All Genres
Soft,https://open.spotify.com/playlist/3tbiQPgNrIbdH3XAV0Nywc,All Genres
Top 40 This Week,https://open.spotify.com/playlist/6zFgshVFxUwBOTpn5btR41,All Genres
Best Live Tracks Ever,https://open.spotify.com/playlist/0o1hNgM61JRmONFyVK4pRG,All Genres
Shroom Tip Music,https://open.spotify.com/playlist/3TraW7ZPXGVtcKrv1PpFPP,All Genres
Old School,https://open.spotify.com/playlist/1Axw2b2jbMlcRO5isYCdiy,All Genres
Dreamy Music,https://open.spotify.com/playlist/1hUDhpVilhWFE1qIgLBeUO,All Genres
Best of Spotify,https://open.spotify.com/playlist/62omq7qajv563KJgwFe65V,All Genres
Top Tracks To Listen To Online,https://open.spotify.com/playlist/5JIErqBq4y7HHPnjDy6UQy,All Genres
8-Bit Madness,https://open.spotify.com/playlist/1dUltV6bxvbUM92hiCKiAX,All Genres
Great Intro Music,https://open.spotify.com/playlist/1CJlusgjAtN2aFQY8LDCnb,All Genres
Reasonable Firmness,https://open.spotify.com/playlist/6PNj0BVNgPN4NcZm7Jt9QV,All Genres
I'm Your Puppet,https://open.spotify.com/playlist/6MfVK1wmbKHeZSYmA5Whxo,All Genres
Songs That Sound Like Christmas But They Don't,https://open.spotify.com/playlist/17Ec3xM8QEkVXyYqdjKvzO,All Genres
Years For Your Ears,https://open.spotify.com/playlist/5ObPT3uLwFhudH5rGF6GBw,All Genres
Allen County War Memorial Coliseum,https://open.spotify.com/playlist/35oHdOOtYP8Ik2VmbATwws,All Genres
HopScotch 2012,https://open.spotify.com/playlist/6SPjEuK0kQAswjVxjRedPy,All Genres
Salt Lake City Metal Page,https://open.spotify.com/playlist/3BTDRusPDLc3oiSA6UKwXH,All Genres
Texas Country,https://open.spotify.com/playlist/38SH9WIsbH7QIqGDN37ADb,Country
Reggae Radio ,https://open.spotify.com/playlist/62JeySnpTLkjBwxyiKeJEr,Reggae
The Most Beautiful Songs I Have Heard,https://open.spotify.com/playlist/1OlwhYcBQ9HsQKaVwnxoWs,All Genres
It's Only Fucking October!,https://open.spotify.com/playlist/5b7OdYFVLq9xh3carhDvlF,All Genres
Spoti Clusta Choice Cuts,https://open.spotify.com/playlist/3eXBgfSkbeilX1VDsNyt3Y,All Genres
It's Only F*cking September!,https://open.spotify.com/playlist/50mDgZZY9XB7TCPsLHPKcK,All Genres
Dr OpStep,https://open.spotify.com/playlist/5XogNUB4gzHTsYefouHVOi,DubStep
Smirnoff Nightlife Project,https://open.spotify.com/playlist/13Jo0VaZ0jL1ELN0N6ThAi,All Genres
Grunge,https://open.spotify.com/playlist/5BKFSEJDXOP2ZsOJna0mU2,Rock/Grunge
Public Transport-Haters,https://open.spotify.com/playlist/0L0GlL0vHPjzfgVNRZZl5r,All Genres
Cambridge Folk Festival 2012,https://open.spotify.com/playlist/1ueYwBQxtR5HY2ORdDS3sj,Folk/Singer-Songwriter
Sonar 17 Festival,https://open.spotify.com/playlist/6JboGJkhLQLX3NFju451qs,All Genres
"he said, she said",https://open.spotify.com/playlist/3s4kc3CdAf5NbparizYplK,All Genres
Expansion,https://open.spotify.com/playlist/6tAh1cVdJI4Le5qow5aJhv,All Genres
In Search of the Classic Sound,https://open.spotify.com/playlist/2rVy50lvSHiBbLhbBzNGBr,Classic Music
Unsubscribe From This Playlist,https://open.spotify.com/playlist/0MBMWTLDZvM3l5AcWOX3Nm,All Genres
Canucks Playoff Game Build-Up Songs,https://open.spotify.com/playlist/3p0RVS65AZGZO7PCOYuw9L,All Genres
Color Theory-An Indie Playlist,https://open.spotify.com/playlist/4c4EL3TkoYb2OKSFpNGSwb,All Genres
ESC 2010,https://open.spotify.com/playlist/2HBTLoH1oDPIsPOT7dSImU,All Genres
UKS: Rock,https://open.spotify.com/playlist/13Kf3BSRaCT5aQfalyV6Vs,Rock
Funkay,https://open.spotify.com/playlist/0drd8fXnsn5i3INkmn2237,All Genres
Hove09Shared,https://open.spotify.com/playlist/6EcVFfthGditGRNFWboG8p,All Genres
Made In Suderland,https://open.spotify.com/playlist/1tDabAOfMPdj2feyRxMRch,All Genres
Sothey Report,https://open.spotify.com/playlist/3JW3oPFB8lvoFDYfuII1Md,All Genres
Easy Living Lounge,https://open.spotify.com/playlist/36q4CVAareSBGHEMabUxQa,All Genres
Francophonia,https://open.spotify.com/playlist/0s5XZD6s1psRfC3XOWFMFo,All Genres
Philosophy,https://open.spotify.com/playlist/5mBiMHqg1eia9map8O0cxo,All Genres
Psychedelia,https://open.spotify.com/playlist/41TB34wqJ0eSafkYFUwE7D,All Genres
Public Transport-Good Times!,https://open.spotify.com/playlist/2GsSzorwiKHeH5Md9uxHfZ,All Genres
Hurricane Sandy,https://open.spotify.com/playlist/2qy7hBLQHt3pksE7D8HbaX,All Genres
Mellow Alternative: Random Yeah!,https://open.spotify.com/playlist/3QfWJeSZKPoNoPIZpyj8qK,Alternative
Country,https://open.spotify.com/playlist/4eHARIDrBfwTbhUbeLvJ9W,Country
Ronnie James Dio,https://open.spotify.com/playlist/665bYTf51HMOx5uYZfO4w8,Rock/Metal/Grunge
The Technicolor Mix,https://open.spotify.com/playlist/1CapCsz4NfgoOqIXwiWauu,All Genres
Thanks,https://open.spotify.com/user/all_good/playlist/1Zh83WKHPLkT1gDsrIDRgk?si=_XmB24tNTz2SBiRgdOUSdg,All Genres
Non-Traditional Christmas Songs,https://open.spotify.com/playlist/6qb2wZk4NYJjv5z7Ll09iZ,Christmas/All Genres
The Bicycle Collaboration,https://open.spotify.com/playlist/0UIXC9bo3iipNhmSnyuyQo,All Genres
Sound Great With John Mckeon,https://open.spotify.com/playlist/5NxIXW0vGskgbKea4NlNJy,All Genres
Make Me Happy,https://open.spotify.com/user/slyme/playlist/07DuQU2foyp7Q8TikPIOg5?si=DyjNSiYlRGORjT66EqmRAA,All Genres
Snot of the Pops,https://open.spotify.com/user/bigbeatanders/playlist/19b46a3bv4ggaGp6AeCdWM?si=7CuvaS1RSUCNEHAwbl4e8A,All Genres
This Wrong Society,https://open.spotify.com/user/dnrhdt3ipu86cm571zby4b949/playlist/7KFGKjQMmXWtHpFeZxmlXO?si=PHvyp1QXTCGok6E4pTOyTg,All Genres
HardCore Vibrations,https://open.spotify.com/user/11136497537/playlist/4xISQzot9XjjbtuQYen8L2?si=9SdnfOo4QcCgmFdKey-miw,Rock/Metal/Hardcore
Summer Chill,https://open.spotify.com/playlist/5F24TF40RP82kJRlnpBjno,All Genres
The Box:Week 10-A Glastonbury Special,https://open.spotify.com/user/matthew-kingdon/playlist/5sm56Lh2fagZ7esXuyq1Z7?si=wCjcgTfJQYygPxWhtfkFsA,All Genres
Dennis Rodman,https://open.spotify.com/playlist/5CxP5eqrTjOMs5P1WcUkV1,All Genres
audioplays,https://open.spotify.com/playlist/4fslX2sxCCq03D2NAvjbpx,All Genres
Unknown Talents Australia & New Zealand,https://open.spotify.com/playlist/6qrilBBoy0KEWhdUUynRDJ,Folk/International Music
Unknown Talents in the US,https://open.spotify.com/playlist/7tcGvoiQBmF7KLQOuEtfl7,Acoustic/Folk
Unknown Talents Sweden and Northern Europe,https://open.spotify.com/playlist/0J9xY0EMVZFJbQKkGuASck,All Genres/International Music
3k Productions RAP Playlist (HIP HOP & RAP ONLY),https://open.spotify.com/playlist/1QL28xV6nm3sfbPyZqyN1N,Hip Hop/Rap
24 Playlist,https://open.spotify.com/playlist/0wkvD8hJ03mLwaCCEpmr3J,All Genres
Pineal (Conscious Hip Hop/URBAN),https://open.spotify.com/playlist/4WhOaZqBLSduy6Ci9U6A2q,All Genres
Messed Up,https://open.spotify.com/playlist/014DrAc1KvxWrrxzPEwgyO,All Genres
The Dump,https://open.spotify.com/user/tict4c/playlist/7M0cK4KA0VpUOkJNPlnHUT?si=Qpch42_KReib-Z6vWOwQbQ,All Genres
Best Heavy Metal Songs Ever Recorded,https://open.spotify.com/user/prhudson/playlist/3A5qrEdowt1qmH9DtmadxZ?si=RSeVy6WASvWUZEzdbd7EUg,Metal
